{
    "name": "root",
    "gauges": {
        "MyBehavior.Policy.Entropy.mean": {
            "value": -0.4072902202606201,
            "min": -0.4072902202606201,
            "max": 0.6741513609886169,
            "count": 4
        },
        "MyBehavior.Policy.ExtrinsicValueEstimate.mean": {
            "value": 0.0036623962223529816,
            "min": -0.04960223659873009,
            "max": 0.005600208416581154,
            "count": 4
        },
        "MyBehavior.Policy.GailValueEstimate.mean": {
            "value": 6.488559722900391,
            "min": 2.9347193241119385,
            "max": 6.488559722900391,
            "count": 4
        },
        "MyBehavior.Losses.PolicyLoss.mean": {
            "value": 0.30023868891528493,
            "min": 0.292545011827124,
            "max": 0.32057956728105125,
            "count": 4
        },
        "MyBehavior.Losses.ValueLoss.mean": {
            "value": 0.15118319935488808,
            "min": 0.15118319935488808,
            "max": 41.9874867607855,
            "count": 4
        },
        "MyBehavior.Policy.LearningRate.mean": {
            "value": 0.00027928920690359994,
            "min": 0.00027928920690359994,
            "max": 0.0002972892009036,
            "count": 4
        },
        "MyBehavior.Policy.Epsilon.mean": {
            "value": 0.1930964,
            "min": 0.1930964,
            "max": 0.1990964,
            "count": 4
        },
        "MyBehavior.Policy.Beta.mean": {
            "value": 0.00046617236000000013,
            "min": 0.00046617236000000013,
            "max": 0.00049557236,
            "count": 4
        },
        "MyBehavior.Policy.GAILPolicyEstimate.mean": {
            "value": 0.062074408488314095,
            "min": 0.062074408488314095,
            "max": 0.2639585693838318,
            "count": 4
        },
        "MyBehavior.Policy.GAILExpertEstimate.mean": {
            "value": 0.8304100893625527,
            "min": 0.7204402645376917,
            "max": 0.8304100893625527,
            "count": 4
        },
        "MyBehavior.Losses.GAILLoss.mean": {
            "value": 0.2894762961590399,
            "min": 0.2894762961590399,
            "max": 0.6841131241094403,
            "count": 4
        },
        "MyBehavior.Policy.GAILGradMagLoss.mean": {
            "value": 0.12172767407900002,
            "min": 0.09962647260595872,
            "max": 1.5714403801492514,
            "count": 4
        },
        "MyBehavior.Losses.PretrainingLoss.mean": {
            "value": 5334.743253208027,
            "min": 5334.743253208027,
            "max": 5646.071929693639,
            "count": 4
        },
        "MyBehavior.Environment.EpisodeLength.mean": {
            "value": 2499.0,
            "min": 2499.0,
            "max": 2499.0,
            "count": 4
        },
        "MyBehavior.Environment.CumulativeReward.mean": {
            "value": 0.0,
            "min": 0.0,
            "max": 0.0,
            "count": 4
        },
        "MyBehavior.Policy.ExtrinsicReward.mean": {
            "value": 0.0,
            "min": 0.0,
            "max": 0.0,
            "count": 4
        },
        "MyBehavior.Policy.GailReward.mean": {
            "value": 157.7341650351882,
            "min": 157.7341650351882,
            "max": 810.6798488696417,
            "count": 4
        },
        "MyBehavior.IsTraining.mean": {
            "value": 1.0,
            "min": 1.0,
            "max": 1.0,
            "count": 4
        }
    },
    "metadata": {
        "timer_format_version": "0.1.0",
        "start_time_seconds": "1616633313",
        "python_version": "3.8.5 (v3.8.5:580fbb018f, Jul 20 2020, 12:11:27) \n[Clang 6.0 (clang-600.0.57)]",
        "command_line_arguments": "/Library/Frameworks/Python.framework/Versions/3.8/bin/mlagents-learn config/target.yaml --run-id=dj01_1_imitation",
        "mlagents_version": "0.23.0",
        "mlagents_envs_version": "0.23.0",
        "communication_protocol_version": "1.3.0",
        "pytorch_version": "1.7.1",
        "numpy_version": "1.18.5",
        "end_time_seconds": "1616634459"
    },
    "total": 1146.120864064,
    "count": 1,
    "self": 0.005976214000156688,
    "children": {
        "run_training.setup": {
            "total": 0.028641398999999845,
            "count": 1,
            "self": 0.028641398999999845
        },
        "TrainerController.start_learning": {
            "total": 1146.0862464509999,
            "count": 1,
            "self": 1.9127954939840492,
            "children": {
                "TrainerController._reset_env": {
                    "total": 35.029460726,
                    "count": 1,
                    "self": 8.411017759000003,
                    "children": {
                        "demo_to_buffer": {
                            "total": 26.618442967,
                            "count": 2,
                            "self": 0.15373716699999562,
                            "children": {
                                "load_demonstration": {
                                    "total": 0.354661179999999,
                                    "count": 2,
                                    "self": 0.34785848399999786,
                                    "children": {
                                        "read_file": {
                                            "total": 0.006802696000001163,
                                            "count": 2,
                                            "self": 0.006802696000001163
                                        }
                                    }
                                },
                                "make_demo_buffer": {
                                    "total": 26.110044620000004,
                                    "count": 2,
                                    "self": 6.0521984780002,
                                    "children": {
                                        "steps_from_proto": {
                                            "total": 20.057846141999804,
                                            "count": 190856,
                                            "self": 8.47952872999826,
                                            "children": {
                                                "_process_vector_observation": {
                                                    "total": 11.578317412001544,
                                                    "count": 763424,
                                                    "self": 11.578317412001544
                                                }
                                            }
                                        }
                                    }
                                }
                            }
                        }
                    }
                },
                "TrainerController.advance": {
                    "total": 1109.0518815870157,
                    "count": 42701,
                    "self": 0.476369760999205,
                    "children": {
                        "env_step": {
                            "total": 1108.5755118260165,
                            "count": 42701,
                            "self": 1055.4398213459995,
                            "children": {
                                "SubprocessEnvManager._take_step": {
                                    "total": 52.67838592801189,
                                    "count": 42701,
                                    "self": 2.0389667880217175,
                                    "children": {
                                        "TorchPolicy.evaluate": {
                                            "total": 50.639419139990174,
                                            "count": 42701,
                                            "self": 10.794356817995798,