{"cameraMode":{"drawMode":0,"name":"Shaded","section":"Shading Mode"},"sceneLighting":true,"audioPlay":false,"sceneViewState":{"showFog":true,"showMaterialUpdate":false,"showSkybox":true,"showFlares":true,"showImageEffects":true,"showParticleSystems":true},"in2DMode":false,"pivot":{"x":416.0973205566406,"y":-116.71894836425781,"z":-113.65442657470703},"rotation":{"x":0.011991445906460286,"y":0.8980110287666321,"z":-0.43912792205810549,"w":0.024522654712200166},"size":467.1780090332031,"orthographic":false}