{"cameraMode":{"drawMode":0,"name":"Shaded","section":"Shading Mode"},"sceneLighting":true,"audioPlay":false,"sceneViewState":{"showFog":true,"showMaterialUpdate":false,"showSkybox":true,"showFlares":true,"showImageEffects":true,"showParticleSystems":true},"in2DMode":false,"pivot":{"x":797.2125244140625,"y":140.71875,"z":-451.3577880859375},"rotation":{"x":-0.14750277996063233,"y":0.6670292615890503,"z":-0.1371650993824005,"w":-0.7173032760620117},"size":235.40684509277345,"orthographic":true}