{
    "name": "root",
    "gauges": {
        "MyBehavior.Policy.Entropy.mean": {
            "value": 0.9257100820541382,
            "min": 0.9257100820541382,
            "max": 0.9257100820541382,
            "count": 1
        },
        "MyBehavior.Policy.ExtrinsicValueEstimate.mean": {
            "value": 0.05652663856744766,
            "min": 0.05652663856744766,
            "max": 0.05652663856744766,
            "count": 1
        },
        "MyBehavior.Policy.GailValueEstimate.mean": {
            "value": 2.6210644245147705,
            "min": 2.6210644245147705,
            "max": 2.6210644245147705,
            "count": 1
        },
        "MyBehavior.Losses.PolicyLoss.mean": {
            "value": 0.31335290753567696,
            "min": 0.31335290753567696,
            "max": 0.31335290753567696,
            "count": 1
        },
        "MyBehavior.Losses.ValueLoss.mean": {
            "value": 42.52013103769862,
            "min": 42.52013103769862,
            "max": 42.52013103769862,
            "count": 1
        },
        "MyBehavior.Policy.LearningRate.mean": {
            "value": 0.0002972892009036,
            "min": 0.0002972892009036,
            "max": 0.0002972892009036,
            "count": 1
        },
        "MyBehavior.Policy.Epsilon.mean": {
            "value": 0.1990964,
            "min": 0.1990964,
            "max": 0.1990964,
            "count": 1
        },
        "MyBehavior.Policy.Beta.mean": {
            "value": 0.00049557236,
            "min": 0.00049557236,
            "max": 0.00049557236,
            "count": 1
        },
        "MyBehavior.Policy.GAILPolicyEstimate.mean": {
            "value": 0.2604643823642569,
            "min": 0.2604643823642569,
            "max": 0.2604643823642569,
            "count": 1
        },
        "MyBehavior.Policy.GAILExpertEstimate.mean": {
            "value": 0.7134788775873707,
            "min": 0.7134788775873707,
            "max": 0.7134788775873707,
            "count": 1
        },
        "MyBehavior.Losses.GAILLoss.mean": {
            "value": 0.6925704348104508,
            "min": 0.6925704348104508,
            "max": 0.6925704348104508,
            "count": 1
        },
        "MyBehavior.Policy.GAILGradMagLoss.mean": {
            "value": 1.5387193408158364,
            "min": 1.5387193408158364,
            "max": 1.5387193408158364,
            "count": 1
        },
        "MyBehavior.Losses.PretrainingLoss.mean": {
            "value": 5890.092155779497,
            "min": 5890.092155779497,
            "max": 5890.092155779497,
            "count": 1
        },
        "MyBehavior.Environment.EpisodeLength.mean": {
            "value": 2499.0,
            "min": 2499.0,
            "max": 2499.0,
            "count": 1
        },
        "MyBehavior.Environment.CumulativeReward.mean": {
            "value": 0.0,
            "min": 0.0,
            "max": 0.0,
            "count": 1
        },
        "MyBehavior.Policy.ExtrinsicReward.mean": {
            "value": 0.0,
            "min": 0.0,
            "max": 0.0,
            "count": 1
        },
        "MyBehavior.Policy.GailReward.mean": {
            "value": 776.3387773036957,
            "min": 776.3387773036957,
            "max": 776.3387773036957,
            "count": 1
        },
        "MyBehavior.IsTraining.mean": {
            "value": 1.0,
            "min": 1.0,
            "max": 1.0,
            "count": 1
        }
    },
    "metadata": {
        "timer_format_version": "0.1.0",
        "start_time_seconds": "1616628459",
        "python_version": "3.8.5 (v3.8.5:580fbb018f, Jul 20 2020, 12:11:27) \n[Clang 6.0 (clang-600.0.57)]",
        "command_line_arguments": "/Library/Frameworks/Python.framework/Versions/3.8/bin/mlagents-learn config/target.yaml --run-id=dj01_1_imitation",
        "mlagents_version": "0.23.0",
        "mlagents_envs_version": "0.23.0",
        "communication_protocol_version": "1.3.0",
        "pytorch_version": "1.7.1",
        "numpy_version": "1.18.5",
        "end_time_seconds": "1616628790"
    },
    "total": 331.07672072599996,
    "count": 1,
    "self": 0.006627694999906453,
    "children": {
        "run_training.setup": {
            "total": 0.015419144999999856,
            "count": 1,
            "self": 0.015419144999999856
        },
        "TrainerController.start_learning": {
            "total": 331.05467388600005,
            "count": 1,
            "self": 1.4481192669986171,
            "children": {
                "TrainerController._reset_env": {
                    "total": 21.220537506,
                    "count": 1,
                    "self": 7.516753531999999,
                    "children": {
                        "demo_to_buffer": {
                            "total": 13.703783974,
                            "count": 2,
                            "self": 0.07783224800000177,
                            "children": {
                                "load_demonstration": {
                                    "total": 0.17632722099999754,
                                    "count": 2,
                                    "self": 0.17371465299999755,
                                    "children": {
                                        "read_file": {
                                            "total": 0.002612567999999982,
                                            "count": 2,
                                            "self": 0.002612567999999982
                                        }
                                    }
                                },
                                "make_demo_buffer": {
                                    "total": 13.449624505000001,
                                    "count": 2,
                                    "self": 3.1016863300002893,
                                    "children": {
                                        "steps_from_proto": {
                                            "total": 10.347938174999712,
                                            "count": 95440,
                                            "self": 4.3458711310001,
                                            "children": {
                                                "_process_vector_observation": {
                                                    "total": 6.002067043999611,
                                                    "count": 381760,
                                                    "self": 6.002067043999611
                                                }
                                            }
                                        }
                                    }
                                }
                            }
                        }
                    }
                },
                "TrainerController.advance": {
                    "total": 308.2897746030015,
                    "count": 19826,
                    "self": 0.22572096700559996,
                    "children": {
                        "env_step": {
                            "total": 308.0640536359959,
                            "count": 19826,
                            "self": 285.43750600099503,
                            "children": {
                                "SubprocessEnvManager._take_step": {
                                    "total": 22.411864945000293,
                                    "count": 19826,
                                    "self": 0.9587426340029879,
                                    "children": {
                                        "TorchPolicy.evaluate": {
                                            "total": 21.453122310997305,
                                            "count": 19826,
                                            "self": 4.757152747997832,